{"threshold": 16.8132, "acc": 0.9532351954053135, "recall": 0.6206758283818758, "f1": 0.764}